timestamp,spy_price,call_price,put_price,call_iv,put_iv,call_delta,put_delta,call_strike,put_strike,price_divergence,iv_divergence,parity_divergence,price_signal,iv_signal,parity_signal,combined_signal
2025-07-08 08:45:38.372984,621.335,1.33,1.0,0.0853744167230203,0.092392185583115,0.5610273280738753,-0.443436211048727,621.0,621.0,0.33000000000000007,-0.0070177688600946975,-0.0900626668076665,0,0,0,0
2025-07-08 08:45:48.322543,621.42,1.37,0.97,0.084731646762074,0.092956531119111,0.5736008323376862,-0.432684759692391,621.0,621.0,0.40000000000000013,-0.008224884357036999,-0.10506266680758913,0,0,0,0
2025-07-08 08:45:58.452213,621.46,1.4,0.94,0.0852773546227411,0.0919536534493001,0.5787945187242021,-0.4267272133839641,621.0,621.0,0.45999999999999996,-0.006676298826558999,-0.08506266680766661,0,0,0,0
2025-07-08 08:46:09.084891,621.47,1.35,0.94,0.0808841555595117,0.0922878109871071,0.5844041379132617,-0.4256764997295647,621.0,621.0,0.41000000000000014,-0.011403655427595402,-0.14506266680765734,0,0,0,0
2025-07-08 08:46:19.664502,621.37,1.34,0.99,0.0846145635503536,0.0928164055494341,0.5665635680492445,-0.4391087509605249,621.0,621.0,0.3500000000000001,-0.0082018419990805,-0.10506266680763465,0,0,0,0
2025-07-08 08:46:30.341471,621.37,1.36,0.94,0.0861773882945765,0.0889154490526918,0.5653993042378325,-0.436541705971353,621.0,621.0,0.42000000000000015,-0.002738060758115307,-0.03506266680763459,0,0,0,0
2025-07-08 08:46:40.887946,621.385,1.31,0.93,0.0815998951262427,0.0886445684133374,0.5711552696506577,-0.4343067832812924,621.0,621.0,0.38,-0.0070446732870946965,-0.0900626668076211,0,0,0,0
2025-07-08 08:46:51.362445,621.35,1.28,0.95,0.0808105232412555,0.0890122898378888,0.5665940840778458,-0.4393308652161538,621.0,621.0,0.33000000000000007,-0.008201766596633298,-0.10506266680765286,0,0,0,0
2025-07-08 08:47:02.485324,621.32,1.32,1.0,0.0852496870622608,0.0918734786246774,0.558979426397527,-0.4451128934506679,621.0,621.0,0.32000000000000006,-0.006623791562416603,-0.08506266680768015,0,0,0,0
2025-07-08 08:47:12.658455,621.35,1.31,0.99,0.0831545419416463,0.0921301384603026,0.5647813063044186,-0.4413055996660778,621.0,621.0,0.32000000000000006,-0.0089755965186563,-0.11506266680765287,0,0,0,0
2025-07-08 08:47:23.257291,621.45,1.39,0.96,0.0849459514509928,0.0931853515488981,0.5776752423954621,-0.4289546551933787,621.0,621.0,0.42999999999999994,-0.008239400097905289,-0.10506266680767573,0,0,0,0
2025-07-08 08:47:36.036903,621.4,1.32,0.95,0.0817109042811823,0.0907160442741519,0.5732766170841781,-0.4337505425043995,621.0,621.0,0.3700000000000001,-0.009005139992969605,-0.11506266680760735,0,0,0,0
2025-07-08 08:47:48.938183,621.45,1.38,0.94,0.0841602747194206,0.0916188300492419,0.5783748525310797,-0.4277856080981218,621.0,621.0,0.43999999999999995,-0.007458555329821301,-0.09506266680767572,0,0,0,0
2025-07-08 08:47:59.514883,621.49,1.39,0.88,0.0831157851094187,0.0882396445159829,0.5851015940516194,-0.4196690289693404,621.0,621.0,0.5099999999999999,-0.005123859406564207,-0.06506266680763939,0,0,0,0
2025-07-08 08:48:10.451071,621.52,0.82,1.37,0.0774187706285214,0.0895010121178253,0.4385369879000111,-0.552985851078736,622.0,622.0,-0.5500000000000002,-0.012082241489303897,-0.15519964372679185,0,0,0,0
2025-07-08 08:48:25.792977,621.64,0.88,1.31,0.0779027002151736,0.0899171337802252,0.4576531378578353,-0.5364727063447595,622.0,622.0,-0.43000000000000005,-0.012014433565051594,-0.1551996437267963,0,0,0,0
2025-07-08 08:48:41.383374,621.635,0.93,1.31,0.0819531764568577,0.0897094577005028,0.4590766963037007,-0.537241663867102,622.0,622.0,-0.38,-0.007756281243645108,-0.10019964372680079,0,0,0,0
2025-07-08 08:48:57.600708,621.58,0.91,1.32,0.0823432114292315,0.088177722582532,0.4511399289223936,-0.5455247264105223,622.0,622.0,-0.41000000000000003,-0.005834511153300498,-0.07519964372685084,0,0,0,0
2025-07-08 08:49:10.045250,621.52,0.87,1.33,0.0813154185347358,0.0863904559831514,0.4415391026165028,-0.5549472728344165,622.0,622.0,-0.4600000000000001,-0.005075037448415601,-0.06519964372679177,0,0,0,0
2025-07-08 08:49:21.632113,621.45,1.34,0.94,0.081014678702079,0.0916188300492419,0.5813106234189573,-0.4277856080981218,621.0,621.0,0.40000000000000013,-0.010604151347162902,-0.13506266680767554,0,0,0,0
2025-07-08 08:49:43.974255,621.39,1.34,0.98,0.0837254528373519,0.0927193041726333,0.57013181329381,-0.4364339628460316,621.0,621.0,0.3600000000000001,-0.008993851335281397,-0.11506266680761645,0,0,0,0
2025-07-08 08:49:59.516459,621.375,1.35,0.98,0.0851747308475197,0.0922074877674849,0.5668513696086067,-0.4380652271191411,621.0,621.0,0.3700000000000001,-0.007032756919965202,-0.09006266680763009,0,0,0,0
2025-07-08 08:50:10.231291,621.38,1.35,0.97,0.0849529652770249,0.0915979120066439,0.5677312668610364,-0.4370077551176954,621.0,621.0,0.3800000000000001,-0.006644946729619003,-0.08506266680762553,0,0,0,0
2025-07-08 08:50:20.137400,621.39,1.36,0.93,0.0852906226515767,0.0888141400997243,0.5688897001772967,-0.4337465017636313,621.0,621.0,0.43000000000000005,-0.0035235174481475923,-0.0450626668076165,0,1,0,1
2025-07-08 08:50:34.604151,621.4,1.31,0.93,0.0809268523677447,0.0891527453774686,0.5739622279141883,-0.4326323341214342,621.0,621.0,0.38,-0.0082258930097239,-0.10506266680760745,0,0,0,0
2025-07-08 08:50:44.604777,621.38,1.31,0.93,0.0818233243780189,0.0884748161030766,0.5702298563874733,-0.4348692159731212,621.0,621.0,0.38,-0.006651491725057704,-0.08506266680762564,0,0,0,0
2025-07-08 08:50:54.995352,621.31,1.31,0.97,0.0849056094318621,0.0891926610281617,0.5577803171069335,-0.4448922394716097,621.0,621.0,0.3400000000000001,-0.004287051596299607,-0.055062666807575544,0,0,0,0
2025-07-08 08:51:06.491434,621.22,1.28,1.03,0.086427596689932,0.090697278410316,0.5441285956750908,-0.4578543318373672,621.0,621.0,0.25,-0.004269681720384,-0.05506266680765748,0,0,0,0
2025-07-08 08:51:16.581908,621.09,1.2,1.09,0.0856195832638443,0.0906463371909768,0.5259703589831595,-0.4753660838250191,621.0,621.0,0.10999999999999988,-0.005026753927132491,-0.06506266680766215,0,0,0,0
2025-07-08 08:51:28.394053,621.21,1.23,1.07,0.0829714011954263,0.0934413611765961,0.5444163690347692,-0.4603377650033811,621.0,621.0,0.15999999999999992,-0.010469959981169799,-0.13506266680766665,0,0,0,0
2025-07-08 08:51:39.484403,621.28,1.31,1.03,0.0862019810972569,0.0928125562821906,0.5527149779851694,-0.4508878819727155,621.0,621.0,0.28,-0.006610575184933701,-0.08506266680760288,0,0,0,0
2025-07-08 08:51:50.857086,621.29,1.27,1.02,0.0826581895618474,0.0923853629397002,0.5563558001990115,-0.4493533644542893,621.0,621.0,0.25,-0.00972717337785281,-0.12506266680759381,0,0,0,0
2025-07-08 08:52:00.942538,621.29,1.27,1.02,0.0826581895618474,0.0923853629397002,0.5563558001990115,-0.4493533644542893,621.0,621.0,0.25,-0.00972717337785281,-0.12506266680759381,0,0,0,0
2025-07-08 08:52:11.356746,621.36,1.29,0.98,0.081148899124619,0.0916940720183993,0.5678161061083635,-0.4397147509915746,621.0,621.0,0.31000000000000005,-0.010545172893780291,-0.13506266680764378,0,0,0,0
2025-07-08 08:52:22.641006,621.37,1.31,0.98,0.0822688301361639,0.0920365281049736,0.5683940771031444,-0.4386130216714605,621.0,621.0,0.33000000000000007,-0.009767697968809705,-0.12506266680763467,0,0,0,0
2025-07-08 08:52:39.843796,621.38,1.36,0.97,0.0857348504352834,0.0915979120066439,0.5671354812729306,-0.4370077551176954,621.0,621.0,0.3900000000000001,-0.005863061571360503,-0.07506266680762552,0,0,0,0
2025-07-08 08:52:56.260410,621.41,1.32,0.93,0.0812605678118644,0.0894906394059161,0.5751518613676764,-0.4315265982176935,621.0,621.0,0.39,-0.008230071594051702,-0.10506266680759835,0,0,0,0
2025-07-08 08:53:07.084899,621.47,1.36,0.93,0.0816722724997308,0.0915034694867804,0.5836177633620098,-0.4250630947693362,621.0,621.0,0.43000000000000005,-0.009831196987049595,-0.12506266680765743,0,0,0,0
2025-07-08 08:53:20.919498,621.44,1.34,0.94,0.0814711940711852,0.091283334136286,0.5793957071183372,-0.4288517839240678,621.0,621.0,0.40000000000000013,-0.00981214006510081,-0.12506266680768463,0,0,0,0
2025-07-08 08:53:35.496296,621.48,1.36,0.93,0.0812114117845086,0.091836583279301,0.5855516512878687,-0.4240133474387015,621.0,621.0,0.43000000000000005,-0.010625171494792404,-0.13506266680764833,0,0,0,0
2025-07-08 08:53:49.310709,621.46,1.39,0.94,0.08449124316441,0.0919536534493001,0.5795017230451919,-0.4267272133839641,621.0,621.0,0.44999999999999996,-0.0074624102848901,-0.09506266680766662,0,0,0,0
2025-07-08 08:53:59.615134,621.41,1.32,0.96,0.0812605678118644,0.091836377331211,0.5751518613676764,-0.4332112828464882,621.0,621.0,0.3600000000000001,-0.010575809519346599,-0.13506266680759826,0,0,0,0
2025-07-08 08:54:09.480239,621.415,1.32,0.95,0.0810346953135747,0.0912236972447422,0.5760973068651344,-0.4321170229442547,621.0,621.0,0.3700000000000001,-0.010189001931167507,-0.1300626668075937,0,0,0,0
2025-07-08 08:54:19.551696,621.37,1.34,0.97,0.0846145635503536,0.091256497822005,0.5665635680492445,-0.4381086810101833,621.0,621.0,0.3700000000000001,-0.006641934271651398,-0.08506266680763463,0,0,0,0
2025-07-08 08:54:30.695086,621.445,1.37,0.95,0.0836016929976112,0.0922343477606414,0.5781609231018686,-0.4289038510631046,621.0,621.0,0.42000000000000015,-0.008632654763030212,-0.11006266680768007,0,0,0,0
2025-07-08 08:54:41.280267,621.39,1.3,0.96,0.0805923846044444,0.0911577588791494,0.5727627211751165,-0.4353870222336222,621.0,621.0,0.3400000000000001,-0.010565374274704997,-0.13506266680761647,0,0,0,0
2025-07-08 08:54:52.814242,621.34,1.34,0.93,0.0859355053472973,0.0871101787486499,0.5613488636239259,-0.4394479170948834,621.0,621.0,0.41000000000000003,-0.001174673401352605,-0.015062666807661995,0,1,1,1
2025-07-08 08:55:03.081207,621.34,1.26,1.0,0.0796900113231594,0.0925647202621335,0.5659806042924805,-0.4428814936079044,621.0,621.0,0.26,-0.012874708938974105,-0.16506266680766202,0,-1,0,-1
2025-07-08 08:55:15.773365,621.22,1.24,1.01,0.0833243663224567,0.0891466994433029,0.5456993956257388,-0.4571565446780745,621.0,621.0,0.22999999999999998,-0.005822333120846207,-0.0750626668076575,0,0,0,0
2025-07-08 08:55:30.113264,621.245,1.21,1.01,0.0799295618352684,0.0900303013180579,0.5513672545083479,-0.4541712044796377,621.0,621.0,0.19999999999999996,-0.0101007394827895,-0.13006266680763479,0,0,0,0
2025-07-08 08:55:40.084892,621.36,1.33,0.98,0.0842754092727052,0.0916940720183993,0.5653864713721307,-0.4397147509915746,621.0,621.0,0.3500000000000001,-0.007418662745694096,-0.09506266680764375,0,0,0,0
2025-07-08 08:55:50.718818,621.34,1.32,0.99,0.0843752130985673,0.091785920520042,0.5624416318848763,-0.4424163740780513,621.0,621.0,0.33000000000000007,-0.007410707421474705,-0.09506266680766196,0,0,0,0
2025-07-08 08:56:03.988410,621.31,1.26,1.0,0.0810088901363467,0.0915267452140631,0.5604563798813724,-0.4462412644473599,621.0,621.0,0.26,-0.010517855077716395,-0.13506266680757562,0,0,0,0
2025-07-08 08:56:15.671111,621.24,1.23,0.98,0.0816976014955636,0.0875260361995716,0.5495528297979729,-0.4536147110792833,621.0,621.0,0.25,-0.005828434704007998,-0.07506266680763929,0,0,0,0
2025-07-08 08:56:36.210190,621.35,1.3,0.94,0.0823733998234754,0.0882324517267663,0.5653739501785384,-0.4388150154453458,621.0,621.0,0.3600000000000001,-0.005859051903290904,-0.07506266680765283,0,0,0,0
2025-07-08 08:56:47.159260,621.35,1.32,0.99,0.0839354940901654,0.0921301384603026,0.5641998416704259,-0.4413055996660778,621.0,621.0,0.33000000000000007,-0.0081946443701372,-0.10506266680765286,0,0,0,0
2025-07-08 08:57:00.111827,621.36,1.31,0.98,0.0827125589228469,0.0916940720183993,0.5665780246664965,-0.4397147509915746,621.0,621.0,0.33000000000000007,-0.008981513095552396,-0.11506266680764377,0,0,0,0
2025-07-08 08:57:10.951793,621.315,1.27,0.97,0.0815700976555884,0.0893656758086455,0.5607984496007495,-0.4443149410618909,621.0,621.0,0.30000000000000004,-0.007795578153057106,-0.10006266680768472,0,0,0,0
2025-07-08 08:57:22.369755,621.19,1.21,1.03,0.0822628290669885,0.0896287627908626,0.5418171860127893,-0.4614615525754537,621.0,621.0,0.17999999999999994,-0.007365933723874105,-0.09506266680768483,0,0,0,0
2025-07-08 08:57:33.294943,621.24,1.21,1.04,0.0801436496687881,0.0921811899534166,0.5504760364769117,-0.4558531988205825,621.0,621.0,0.16999999999999993,-0.0120375402846285,-0.15506266680763936,0,0,0,0
2025-07-08 08:57:44.502362,621.25,1.23,1.03,0.0812698809566376,0.091758463820282,0.5513008538470716,-0.4543309157770749,621.0,621.0,0.19999999999999996,-0.010488582863644388,-0.13506266680763024,0,0,0,0
2025-07-08 08:57:55.153041,621.26,1.24,0.98,0.081618220758596,0.0882285184231353,0.5525807409611898,-0.4512064767859429,621.0,621.0,0.26,-0.0066102976645393,-0.08506266680762109,0,0,0,0
2025-07-08 08:58:06.308145,621.2,1.25,1.04,0.0849435404875271,0.0907604942639626,0.5419936124034244,-0.4605717819016461,621.0,621.0,0.20999999999999996,-0.005816953776435499,-0.0750626668076757,0,0,0,0
2025-07-08 08:58:16.611288,621.235,1.26,1.03,0.0842403813473197,0.0912287722515722,0.547393400974377,-0.4560823670459287,621.0,621.0,0.22999999999999998,-0.006988390904252489,-0.09006266680764385,0,0,0,0
2025-07-08 08:58:34.985921,621.135,1.21,1.06,0.0845510098291236,0.0899700628319861,0.5327887268313216,-0.4690727141056903,621.0,621.0,0.1499999999999999,-0.005419053002862495,-0.07006266680762119,0,0,0,0
2025-07-08 08:58:48.795475,621.06,1.16,1.06,0.0837441541367689,0.0872240289380691,0.5221235698774948,-0.4786871018247032,621.0,621.0,0.09999999999999987,-0.0034798748013002007,-0.04506266680757576,-1,0,0,-1
2025-07-08 08:59:01.680554,620.995,1.14,1.09,0.0847956813544233,0.0871151218342649,0.5124724819852183,-0.4878117273429652,621.0,621.0,0.04999999999999982,-0.002319440479841603,-0.03006266680763492,-1,1,1,1
2025-07-08 08:59:14.667320,620.945,1.07,1.16,0.0813589936242657,0.0906193570518344,0.5053849003138291,-0.494981875589896,621.0,621.0,-0.08999999999999986,-0.009260363427568696,-0.12006266680768007,-1,0,0,-1
2025-07-08 08:59:28.483139,621.02,1.15,1.08,0.0845751868747409,0.0872811440485695,0.5161259439891236,-0.484318159118329,621.0,621.0,0.06999999999999984,-0.0027059571738285992,-0.035062666807612164,0,1,0,1
2025-07-08 08:59:39.707470,620.94,1.12,1.12,0.0854101731823899,0.0873432147514757,0.504493568932523,-0.4955659608147832,621.0,621.0,0.0,-0.0019330415690858027,-0.025062666807684764,0,1,0,1
2025-07-08 08:59:50.137800,620.75,1.01,1.22,0.0841165815585343,0.0875986646954787,0.4768189018900528,-0.5221894609457265,621.0,621.0,-0.20999999999999996,-0.003482083136944397,-0.04506266680763016,-1,0,0,-1
2025-07-08 09:00:00.332038,620.655,1.01,1.33,0.0875752880972534,0.0922270933300417,0.4645192438662521,-0.5336011810917017,621.0,621.0,-0.32000000000000006,-0.0046518052327882975,-0.06006266680760297,-1,0,0,-1
2025-07-08 09:00:11.180049,620.705,0.97,1.35,0.0826704545734794,0.0958236723174326,0.4697150873730772,-0.5258790194590792,621.0,621.0,-0.3800000000000001,-0.013153217743953213,-0.17006266680767124,-1,-1,-1,-1
2025-07-08 09:00:22.287585,620.76,1.02,1.25,0.084520227503858,0.0903189218690448,0.4783882998712383,-0.5201083574220167,621.0,621.0,-0.22999999999999998,-0.0057986943651868045,-0.07506266680762108,0,0,0,0
2025-07-08 09:00:37.015996,620.82,1.09,1.21,0.0876872309300494,0.0896214324903799,0.4876264904401818,-0.5120666134679546,621.0,621.0,-0.11999999999999988,-0.0019342015603305007,-0.0250626668076801,0,0,0,0
2025-07-08 09:00:47.587920,620.8,1.09,1.25,0.0884379286691542,0.0919164663892068,0.4849722731940021,-0.5143880468090867,621.0,621.0,-0.15999999999999992,-0.0034785377200525908,-0.04506266680758464,0,0,0,0
2025-07-08 09:00:58.113245,620.815,1.04,1.23,0.0840161502788066,0.090967255277143,0.4862774999600786,-0.5125347516938517,621.0,621.0,-0.18999999999999995,-0.006951104998336399,-0.09006266680768471,0,0,0,0
2025-07-08 09:01:08.528157,620.92,1.12,1.18,0.0861861540979506,0.0912042180184253,0.5016208961279497,-0.4983663835420693,621.0,621.0,-0.05999999999999983,-0.0050180639204747,-0.0650626668075891,0,0,0,0
2025-07-08 09:01:20.580377,620.84,1.1,1.24,0.0877041656247976,0.092724186413642,0.4904277522366267,-0.5089521422266785,621.0,621.0,-0.1399999999999999,-0.005020020788844393,-0.06506266680766193,0,0,0,0
2025-07-08 09:01:35.744888,620.82,1.05,1.2,0.0846001474662979,0.0888496918361716,0.4871095251167452,-0.512187568250966,621.0,621.0,-0.1499999999999999,-0.004249544369873695,-0.05506266680768013,0,0,0,0
2025-07-08 09:02:00.461044,620.7,1.05,1.25,0.0890416001165008,0.0878861059892702,0.4713184940544397,-0.5290821592412398,621.0,621.0,-0.19999999999999996,0.001155494127230594,0.014937333192324376,0,1,1,1
2025-07-08 09:02:13.043961,620.55,0.98,1.41,0.0889756926247617,0.094033232825028,0.4506936440601892,-0.5465648402550791,621.0,621.0,-0.42999999999999994,-0.005057540200266303,-0.06506266680758466,0,0,0,0
2025-07-08 09:02:23.888406,620.59,0.99,1.42,0.0883439106293121,0.0964968672242789,0.4558521364217341,-0.5402690073809092,621.0,621.0,-0.42999999999999994,-0.008152956594966801,-0.10506266680766196,0,0,0,0
2025-07-08 09:02:34.878365,620.525,0.98,1.42,0.0898495152023502,0.0937450705269647,0.4477986783174774,-0.5499647403377632,621.0,621.0,-0.43999999999999995,-0.003895555324614497,-0.0500626668076074,0,0,0,0
2025-07-08 09:02:45.756958,620.475,1.47,0.99,0.0902468664873821,0.0965247305516002,0.5767109725664487,-0.4280973825259774,620.0,620.0,0.48,-0.006277864064218097,-0.07992568988847326,1,0,0,1
2025-07-08 09:02:56.156250,620.455,1.46,1.01,0.0903652624285817,0.0974190751650912,0.5739439494386919,-0.431215016648837,620.0,620.0,0.44999999999999996,-0.007053812736509499,-0.08992568988849148,1,0,0,1
2025-07-08 09:03:08.221146,620.365,1.44,1.05,0.0927955812409361,0.0974726475066391,0.5603280170830783,-0.4424517914806741,620.0,620.0,0.3899999999999999,-0.004677066265702995,-0.0599256898884597,0,0,0,0
2025-07-08 09:03:19.489579,620.375,1.44,1.04,0.0923572723478542,0.0970370137824207,0.5619175844219232,-0.4409517700355735,620.0,620.0,0.3999999999999999,-0.004679741434566509,-0.059925689888450595,0,0,0,0
2025-07-08 09:03:30.367140,620.37,1.45,1.0,0.0933576694073816,0.0937423381937881,0.5606295902906439,-0.4396093647930544,620.0,620.0,0.44999999999999996,-0.00038466878640650015,-0.004925689888455098,0,0,0,0
2025-07-08 09:03:41.519117,620.46,1.47,0.98,0.0909252348304306,0.0952360202887062,0.574169123795543,-0.429065136481068,620.0,620.0,0.49,-0.0043107854582755956,-0.054925689888486895,0,0,0,0
2025-07-08 09:03:52.733161,620.58,0.92,1.39,0.0832581180758647,0.0937490527120744,0.4515941794622614,-0.5428057453010569,621.0,621.0,-0.46999999999999986,-0.010490934636209703,-0.13506266680767098,0,-1,0,-1
2025-07-08 09:04:08.093345,620.5,1.46,0.93,0.0883193733596717,0.092645426282691,0.5817305702822142,-0.4219491197763213,620.0,620.0,0.5299999999999999,-0.004326052923019297,-0.05492568988845059,0,0,0,0
2025-07-08 09:04:20.431510,620.39,1.44,1.03,0.0916969550110953,0.0967714653810362,0.5643304780028247,-0.4389137822425701,620.0,620.0,0.4099999999999999,-0.005074510369940902,-0.06492568988843694,0,0,0,0
2025-07-08 09:04:33.086778,620.44,1.43,1.02,0.0886851441629761,0.0976944718285952,0.5732517767826306,-0.43326027033711,620.0,620.0,0.4099999999999999,-0.009009327665619099,-0.11492568988850516,0,-1,0,-1
2025-07-08 09:04:43.748177,620.5,1.49,0.94,0.0906832456307496,0.0934321911632808,0.5796767185108352,-0.4225819673418598,620.0,620.0,0.55,-0.0027489455325312023,-0.03492568988845046,0,0,0,0
2025-07-08 09:04:57.390761,620.54,0.92,1.37,0.0846558495989788,0.0904974939483888,0.4466615251087019,-0.5497969798834563,621.0,621.0,-0.45000000000000007,-0.005841644349409994,-0.07506266680759388,0,0,0,0
2025-07-08 09:05:08.300188,620.515,0.94,1.39,0.0870817381965835,0.0909812691438721,0.4446940423593885,-0.5528707997353492,621.0,621.0,-0.44999999999999996,-0.003899530947288593,-0.05006266680761651,0,0,0,0
2025-07-08 09:05:19.431988,620.37,1.41,1.02,0.0902325300565586,0.0953038683511879,0.5626467948967939,-0.4405594615194783,620.0,620.0,0.3899999999999999,-0.005071338294629302,-0.06492568988845515,0,0,0,0
2025-07-08 09:05:30.358345,620.3,1.37,1.09,0.0901589478684198,0.0983266046819139,0.5532577656685241,-0.4509807480097781,620.0,620.0,0.28,-0.0081676568134941,-0.104925689888405,0,0,0,0
2025-07-08 09:05:40.940544,620.26,1.34,1.09,0.0895384987176171,0.0969174470779164,0.5481671455958748,-0.4553369492851965,620.0,620.0,0.25,-0.007378948360299301,-0.09492568988844141,0,0,0,0
2025-07-08 09:05:51.103216,620.13,1.29,1.18,0.0910958222178096,0.0992197445660399,0.5299257237962548,-0.4723581780805451,620.0,620.0,0.1100000000000001,-0.008123922348230297,-0.10492568988844586,0,0,0,0
2025-07-08 09:06:02.429648,620.16,1.27,1.11,0.088308699561335,0.094890346950824,0.5349704334712558,-0.4673173193038851,620.0,620.0,0.15999999999999992,-0.0065816473894890065,-0.08492568988841875,0,0,0,0
2025-07-08 09:06:21.355778,620.23,1.33,1.08,0.0900344081881222,0.0950763760191134,0.5438459525896489,-0.4583686408641888,620.0,620.0,0.25,-0.005041967830991201,-0.0649256898884687,0,0,0,0
2025-07-08 09:06:33.486430,620.13,1.31,1.15,0.0926445982482909,0.0968973169699277,0.5294583429582345,-0.4717457144308634,620.0,620.0,0.16000000000000014,-0.004252718721636808,-0.05492568988844582,0,0,0,0
2025-07-08 09:06:43.746258,620.0,1.2,1.2,0.0893765574218904,0.0959393433278388,0.5126128672047802,-0.4881173683570263,620.0,620.0,0.0,-0.006562785905948387,-0.0849256898884505,0,0,0,0
2025-07-08 09:06:54.668971,619.99,1.23,1.22,0.0920902777927334,0.0971070604604171,0.5109627646705562,-0.4895014488286255,620.0,620.0,0.010000000000000009,-0.005016782667683697,-0.06492568988845959,0,0,0,0
2025-07-08 09:07:07.325846,619.955,1.19,1.26,0.0903753506604708,0.0988676933131992,0.506374731385946,-0.4940030930991425,620.0,620.0,-0.07000000000000006,-0.008492342652728399,-0.1099256898884915,0,0,0,0
2025-07-08 09:07:17.636270,620.14,1.27,1.1,0.0891354687492991,0.0933900336905786,0.5319159695910913,-0.4694485629913177,620.0,620.0,0.16999999999999993,-0.004254564941279501,-0.054925689888436935,0,0,0,0
2025-07-08 09:07:36.410260,620.15,1.31,1.08,0.0918221545357604,0.0922037772085788,0.5323734034466033,-0.4677523679097525,620.0,620.0,0.22999999999999998,-0.00038162267281839635,-0.004925689888427787,0,1,1,1
2025-07-08 09:07:51.850224,620.06,1.27,1.12,0.0923923218730755,0.0919999108625255,0.5202393341624089,-0.4796826137341208,620.0,620.0,0.1499999999999999,0.0003924110105500006,0.005074310111603975,0,1,1,1
2025-07-08 09:08:05.695522,620.02,1.25,1.15,0.0924466776589407,0.0928273929406242,0.5149150773851071,-0.4851381377205093,620.0,620.0,0.10000000000000009,-0.00038071528168349966,-0.0049256898884322275,0,1,0,1
2025-07-08 09:08:16.902648,620.02,1.2,1.21,0.0885819769311024,0.0974647543489194,0.5154830776674874,-0.485750487252571,620.0,620.0,-0.010000000000000009,-0.008882777417816998,-0.11492568988843233,0,0,0,0
2025-07-08 09:08:27.734152,620.21,1.32,1.05,0.0901003739657355,0.0920350650644221,0.5411030086075846,-0.4597182884211894,620.0,620.0,0.27,-0.0019346910986866028,-0.02492568988848687,0,0,0,0
2025-07-08 09:08:42.567235,620.17,1.31,1.07,0.0909946836959429,0.0921517235368299,0.5353412829911954,-0.4650773975547571,620.0,620.0,0.24,-0.0011570398408870114,-0.014925689888409588,0,0,0,0
2025-07-08 09:08:53.486960,620.07,1.28,1.17,0.0927628758650798,0.0962374402605433,0.5214895489875371,-0.479214452457033,620.0,620.0,0.1100000000000001,-0.0034745643954635086,-0.04492568988850043,0,0,0,0
2025-07-08 09:09:07.409515,620.11,1.22,1.1,0.0864951070723396,0.0922953898008396,0.5285820139072008,-0.4730943758907217,620.0,620.0,0.11999999999999988,-0.0058002827285,-0.07492568988846426,0,0,0,0
2025-07-08 09:09:20.577651,620.08,1.21,1.15,0.0869433841280615,0.0950606180054236,0.5242123250344382,-0.4776909309217056,620.0,620.0,0.06000000000000005,-0.008117233877362101,-0.10492568988849138,0,0,0,0
2025-07-08 09:09:32.190549,620.17,1.27,1.12,0.0878933303942639,0.0960269781452342,0.5365192462154214,-0.4664043320199231,620.0,620.0,0.1499999999999999,-0.008133647750970294,-0.10492568988840967,0,0,0,0
2025-07-08 09:09:42.456688,620.22,1.26,1.04,0.0850188181685282,0.0916150879441684,0.5448781600920226,-0.4582087767776119,620.0,620.0,0.21999999999999997,-0.006596269775640193,-0.08492568988847782,0,0,0,0
2025-07-08 09:10:00.158918,620.22,1.29,1.09,0.0873495950523959,0.0954962295999482,0.54373325816254,-0.4598224004868736,620.0,620.0,0.19999999999999996,-0.008146634547552309,-0.10492568988847784,0,0,0,0
2025-07-08 09:10:12.708135,620.175,1.23,1.1,0.0845823521818958,0.0946574440239735,0.5385975408074594,-0.4653013750364972,620.0,620.0,0.1299999999999999,-0.010075091842077694,-0.12992568988840514,0,-1,0,-1
2025-07-08 09:10:25.354776,620.24,1.29,1.06,0.0865019717480372,0.0938785560914996,0.5469650617059244,-0.4565630103467983,620.0,620.0,0.22999999999999998,-0.007376584343462403,-0.09492568988845962,0,0,0,0
2025-07-08 09:10:36.543871,620.23,1.22,1.04,0.0814842456209625,0.0919704347197545,0.5482386062248141,-0.4570336494381968,620.0,620.0,0.17999999999999994,-0.010486189098791995,-0.13492568988846876,0,-1,0,-1
2025-07-08 09:10:49.846027,620.29,1.32,1.02,0.0866948605533061,0.0925295361069371,0.5538952586623471,-0.4493673559973273,620.0,620.0,0.30000000000000004,-0.005834675553631,-0.07492568988841408,0,0,0,0
2025-07-08 09:11:01.477344,620.27,1.32,1.03,0.0875549757493993,0.0926062405840641,0.5506037422965017,-0.4520409472295281,620.0,620.0,0.29000000000000004,-0.005051264834664795,-0.06492568988843228,0,0,0,0
2025-07-08 09:11:13.301555,620.12,1.23,1.06,0.0868596417196084,0.0895641698908607,0.5298810865737843,-0.4709641302345149,620.0,620.0,0.16999999999999993,-0.0027045281712523017,-0.034925689888455125,0,0,0,0
2025-07-08 09:11:25.024547,620.07,1.23,1.09,0.0888954562142013,0.0900499823099846,0.5223411080288043,-0.4779211151172439,620.0,620.0,0.1399999999999999,-0.001154526095783301,-0.014925689888500626,0,0,0,0
2025-07-08 09:11:35.117630,620.13,1.21,1.11,0.0848992508728614,0.093800339294313,0.5319716787042931,-0.4708800523539074,620.0,620.0,0.09999999999999987,-0.008901088421451597,-0.11492568988844609,0,0,0,0
2025-07-08 09:11:47.989863,620.19,1.28,1.03,0.0878344966581382,0.0897683897154311,0.5393281088453251,-0.4614767186801016,620.0,620.0,0.25,-0.0019338930572928986,-0.024925689888505076,0,0,0,0
2025-07-08 09:11:59.580833,620.19,1.27,1.07,0.0870585234171346,0.0928710780388016,0.5396613013726138,-0.4626964877051938,620.0,620.0,0.19999999999999996,-0.005812554621666993,-0.07492568988850512,0,0,0,0
2025-07-08 09:12:11.246584,620.22,1.27,1.06,0.0857958273856947,0.093167740238227,0.5444894681953738,-0.4588707622132633,620.0,620.0,0.20999999999999996,-0.007371912852532303,-0.09492568988847783,0,0,0,0
2025-07-08 09:12:21.587094,620.405,1.31,0.93,0.0808378728225751,0.0894611557032106,0.5748836443573964,-0.4320920845620615,620.0,620.0,0.38,-0.008623282880635505,-0.10992568988842322,1,0,0,1
2025-07-08 09:12:32.036658,620.425,1.35,0.97,0.0830772685983948,0.0932710860795477,0.5758393096629214,-0.4321662399025801,620.0,620.0,0.3800000000000001,-0.010193817481152903,-0.12992568988840492,1,0,0,1
2025-07-08 09:12:46.293960,620.33,1.33,0.95,0.0857369817171133,0.0884633431629235,0.5601468652261181,-0.441637887983944,620.0,620.0,0.3800000000000001,-0.002726361445810191,-0.03492568988849132,0,0,0,0
2025-07-08 09:12:56.776282,620.34,1.34,0.96,0.0860800706793826,0.0895882108201461,0.5613268500413044,-0.4409856731109728,620.0,620.0,0.3800000000000001,-0.003508140140763505,-0.04492568988848222,0,0,0,0
2025-07-08 09:13:12.964655,620.35,1.32,1.01,0.0840768709077445,0.0938345450838892,0.5641770284044716,-0.4422562833759909,620.0,620.0,0.31000000000000005,-0.009757674176144704,-0.12492568988847319,0,0,0,0
2025-07-08 09:13:25.537849,620.37,1.33,0.97,0.0839741058644395,0.0913989429236069,0.5671391469995541,-0.4381223010126498,620.0,620.0,0.3600000000000001,-0.007424837059167397,-0.09492568988845496,0,0,0,0
2025-07-08 09:13:35.968917,620.295,1.3,0.97,0.084919854041614,0.0888106749911522,0.5556940935280078,-0.4466522376280688,620.0,620.0,0.33000000000000007,-0.0038908209495381874,-0.04992568988840951,0,0,0,0
2025-07-08 09:13:46.538620,620.305,1.31,1.01,0.0852658556379592,0.0922745253791658,0.5569034305887026,-0.4472529043762944,620.0,620.0,0.30000000000000004,-0.007008669741206605,-0.08992568988840044,0,0,0,0
2025-07-08 09:13:58.874648,620.39,1.29,0.97,0.0799433515780446,0.0920821772655213,0.5734282803613424,-0.4359283923548728,620.0,620.0,0.32000000000000006,-0.012138825687476706,-0.1549256898884368,0,-1,0,-1
2025-07-08 09:14:11.537578,620.44,1.38,0.94,0.0847564734725679,0.0914258956727782,0.5765236784041927,-0.4288649307841018,620.0,620.0,0.43999999999999995,-0.006669422200210301,-0.08492568988850513,0,0,0,0
2025-07-08 09:14:24.348764,620.48,1.4,0.92,0.0845061022884648,0.0911938476378515,0.5824408178646076,-0.42339541299527,620.0,620.0,0.47999999999999987,-0.006687745349386709,-0.08492568988846882,0,0,0,0
2025-07-08 09:14:35.004701,620.36,1.32,0.93,0.0836347698312775,0.087930853430927,0.5659535186695018,-0.4371549748272911,620.0,620.0,0.39,-0.004296083599649503,-0.054925689888464135,0,0,0,0
2025-07-08 09:14:46.132432,620.42,1.33,0.95,0.0817312957843184,0.0915352833939084,0.576307302853927,-0.4315898145770759,620.0,620.0,0.3800000000000001,-0.009803987609590004,-0.12492568988840946,0,0,0,0
2025-07-08 09:14:56.616952,620.31,1.32,1.0,0.0858286085191673,0.0916695599636743,0.5572529424051189,-0.4462552533915275,620.0,620.0,0.32000000000000006,-0.0058409514445070115,-0.07492568988839587,0,0,0,0
2025-07-08 09:15:10.109010,620.395,1.36,0.96,0.0852111374483006,0.0914702624057202,0.5697508167073312,-0.4348534923821552,620.0,620.0,0.40000000000000013,-0.006259124957419607,-0.07992568988843218,0,0,0,0
2025-07-08 09:15:23.212861,620.49,1.35,0.86,0.0800939963213851,0.0868011679046665,0.5883156970585124,-0.4182767040780015,620.0,620.0,0.4900000000000001,-0.006707171583281407,-0.0849256898884595,0,0,0,0
2025-07-08 09:15:37.600956,620.43,1.38,0.9,0.0852089244955781,0.0879515145099953,0.5747157199249666,-0.4275325216646317,620.0,620.0,0.47999999999999987,-0.0027425900144172066,-0.03492568988840061,0,0,0,0
2025-07-08 09:15:50.709608,620.45,1.39,0.94,0.0850891278826912,0.0917619405657279,0.5776517620215833,-0.4277986428753023,620.0,620.0,0.44999999999999996,-0.006672812683036697,-0.08492568988849603,0,0,0,0
2025-07-08 09:16:02.591658,620.525,0.89,1.31,0.0828384073121318,0.0851815671520522,0.4432581044148242,-0.5551433930785254,621.0,621.0,-0.42000000000000004,-0.0023431598399204084,-0.030062666807607497,-1,1,0,0
2025-07-08 09:16:13.957313,620.545,0.89,1.34,0.0821456286903775,0.0883778438663149,0.4457296616937589,-0.5503400199622899,621.0,621.0,-0.45000000000000007,-0.006232215175937403,-0.08006266680758933,-1,0,0,-1
2025-07-08 09:16:27.166514,620.585,0.9,1.31,0.0815277412820442,0.0877490343764695,0.4512832877226033,-0.545153697382196,621.0,621.0,-0.41000000000000003,-0.006221293094425304,-0.0800626668076666,-1,0,0,-1
2025-07-08 09:16:42.477758,620.57,0.85,1.32,0.0781616320250157,0.0878894677390495,0.4467882728732215,-0.5471610346561443,621.0,621.0,-0.4700000000000001,-0.009727835714033795,-0.1250626668076803,-1,0,0,-1
2025-07-08 09:16:52.723903,620.64,0.93,1.29,0.0819118959714379,0.0885064430014469,0.4597134977088328,-0.5371619011168147,621.0,621.0,-0.36,-0.0065945470300090014,-0.08506266680761654,0,0,0,0
2025-07-08 09:17:05.728776,620.65,0.93,1.25,0.0815549107282848,0.0858228452514474,0.4610286413741003,-0.5369525219499753,621.0,621.0,-0.31999999999999995,-0.004267934523162598,-0.05506266680760741,0,0,0,0
2025-07-08 09:17:17.614486,620.61,0.87,1.31,0.0783173326534873,0.0888030280377745,0.4531199632212814,-0.5411608146272935,621.0,621.0,-0.44000000000000006,-0.010485695384287202,-0.1350626668076439,0,-1,0,-1
2025-07-08 09:17:30.426392,620.59,0.92,1.31,0.0829066246895475,0.0879605510845475,0.4528533673163348,-0.544347454243414,621.0,621.0,-0.39,-0.005053926395000005,-0.06506266680766204,0,0,0,0
2025-07-08 09:18:10.674186,620.48,1.37,0.94,0.0821385331802913,0.0927660595977772,0.5847324912133001,-0.424646075815186,620.0,620.0,0.43000000000000016,-0.010627526417485905,-0.13492568988846854,0,-1,0,-1
2025-07-08 09:18:22.336895,620.58,0.86,1.32,0.0785915229906065,0.0883139499551718,0.4486358660243499,-0.545545277334037,621.0,621.0,-0.4600000000000001,-0.009722426964565309,-0.1250626668076712,0,0,0,0
2025-07-08 09:18:33.471822,620.515,0.88,1.32,0.0824035053997652,0.0855278126545864,0.4414767545439069,-0.5563365704610903,621.0,621.0,-0.44000000000000006,-0.0031243072548211986,-0.04006266680761661,0,0,0,0
2025-07-08 09:18:43.659769,620.495,1.41,0.92,0.0846045935189274,0.0916925131261933,0.5844782647938387,-0.4218249792888837,620.0,620.0,0.4899999999999999,-0.007087919607265888,-0.08992568988845517,0,0,0,0
2025-07-08 09:18:58.754448,620.485,1.41,0.89,0.0850651110459003,0.0889994371792889,0.5826247516274595,-0.4208997531792158,620.0,620.0,0.5199999999999999,-0.003934326133388608,-0.04992568988846424,0,0,0,0
2025-07-08 09:19:11.071270,620.395,1.31,0.91,0.0812886648106678,0.0875561418217963,0.5729970444792525,-0.4320513054504913,620.0,620.0,0.4,-0.006267477011128508,-0.0799256898884323,0,0,0,0
2025-07-08 09:19:21.227092,620.21,1.27,1.03,0.0862181529485585,0.0904827305639658,0.5428643662627589,-0.4590621446945867,620.0,620.0,0.24,-0.0042645776154073,-0.054925689888486895,0,0,0,0
2025-07-08 09:19:32.526396,620.33,1.3,0.96,0.0833935945583554,0.0892436306843229,0.5617745779004127,-0.4421285080574483,620.0,620.0,0.3400000000000001,-0.005850036125967489,-0.07492568988849135,0,0,0,0
2025-07-08 09:19:50.057872,620.3,1.29,1.0,0.0839230829777832,0.0913215048708043,0.5570551164502628,-0.4473923486061274,620.0,620.0,0.29000000000000004,-0.007398421893021104,-0.094925689888405,0,0,0,0
2025-07-08 09:20:01.721099,620.35,1.24,0.96,0.0778135913750721,0.0899320442538049,0.5691583798618772,-0.4398515956921368,620.0,620.0,0.28,-0.012118452878732797,-0.15492568988847322,0,-1,-1,-1
2025-07-08 09:20:12.319058,620.305,1.29,1.01,0.0837056225593615,0.0922745253791658,0.5579241223975423,-0.4472529043762944,620.0,620.0,0.28,-0.008568902819804311,-0.10992568988840046,0,0,0,0
2025-07-08 09:20:24.882883,620.34,1.28,0.98,0.0813895677548973,0.0911489987255443,0.5647312733927297,-0.4419570182206038,620.0,620.0,0.30000000000000004,-0.009759430970647007,-0.1249256898884823,0,0,0,0
2025-07-08 09:20:43.895310,620.44,1.35,0.95,0.0823961397812568,0.0922101501700029,0.5786385190600409,-0.4294475173247276,620.0,620.0,0.40000000000000013,-0.009814010388746103,-0.12492568988850494,0,0,0,0
2025-07-08 09:20:59.582975,620.24,1.28,0.97,0.0857244252297839,0.0868849324947362,0.5473728539295707,-0.4532330681580969,620.0,620.0,0.31000000000000005,-0.0011605072649523013,-0.014925689888459548,0,1,1,1
2025-07-08 09:21:09.599231,620.14,1.23,1.09,0.0860362899833469,0.0926155137500484,0.5329973936379924,-0.4692097678566915,620.0,620.0,0.1399999999999999,-0.006579223766701489,-0.08492568988843696,0,0,0,0
2025-07-08 09:21:22.661804,620.14,1.2,1.04,0.0837114345685981,0.0887423514063567,0.5338625820329185,-0.4679511512721731,620.0,620.0,0.15999999999999992,-0.005030916837758595,-0.06492568988843694,0,0,0,0
2025-07-08 09:21:45.742923,620.31,1.26,1.01,0.0811455038072477,0.0924486010928854,0.5604329163457038,-0.4466893772775429,620.0,620.0,0.25,-0.011303097285637706,-0.14492568988839594,0,0,0,0
2025-07-08 09:21:56.054287,620.3,1.29,1.01,0.0839230829777832,0.0921002613712261,0.5570551164502628,-0.4478185651357843,620.0,620.0,0.28,-0.008177178393442897,-0.104925689888405,0,0,0,0
2025-07-08 09:22:08.969853,620.3,1.24,1.01,0.0800210768084263,0.0921002613712261,0.559734267461767,-0.4478185651357843,620.0,620.0,0.22999999999999998,-0.0120791845627998,-0.15492568988840505,0,-1,0,-1
2025-07-08 09:22:20.334297,620.28,1.27,1.03,0.0832304456113902,0.0929574053709309,0.5545888252932383,-0.450901874355639,620.0,620.0,0.24,-0.009726959759540701,-0.12492568988842323,0,0,0,0
2025-07-08 09:22:35.811547,620.23,1.26,1.03,0.084594678479435,0.0911937714892232,0.5465364589430366,-0.4566853482787041,620.0,620.0,0.22999999999999998,-0.006599093009788198,-0.08492568988846871,0,0,0,0
2025-07-08 09:22:51.738562,620.205,1.25,1.03,0.0848756891131647,0.090304457609008,0.5427918742532979,-0.4596622047366534,620.0,620.0,0.21999999999999997,-0.0054287684958432975,-0.06992568988849146,0,0,0,0
2025-07-08 09:23:09.465152,620.28,1.28,1.0,0.0840097429305785,0.0906231017177035,0.5541016212795836,-0.4496928182203286,620.0,620.0,0.28,-0.006613358787125004,-0.0849256898884232,0,0,0,0
2025-07-08 09:23:21.080715,620.245,1.26,1.02,0.0839556529817771,0.0909478255038929,0.549055379259908,-0.4545596388788068,620.0,620.0,0.24,-0.0069921725221158,-0.08992568988845506,0,0,0,0
2025-07-08 09:23:31.884016,620.155,1.23,1.07,0.0854152472456839,0.0916100055135718,0.5353741322270451,-0.4668876903201121,620.0,620.0,0.15999999999999992,-0.006194758267887901,-0.0799256898884233,0,0,0,0
2025-07-08 09:23:42.159492,620.05,1.2,1.09,0.0873812968156941,0.0893087608467806,0.5198865783979684,-0.4805025032815341,620.0,620.0,0.10999999999999988,-0.0019274640310864982,-0.024925689888405156,-1,1,0,0
2025-07-08 09:23:55.826810,620.055,1.17,1.11,0.0848599409013239,0.0910410337778042,0.5211468522726824,-0.4801631332673177,620.0,620.0,0.05999999999999983,-0.006181092876480304,-0.07992568988840065,-1,0,0,-1
2025-07-08 09:24:09.848300,619.98,1.13,1.15,0.0847578693048799,0.091319835316209,0.5103013482871909,-0.490306665320237,620.0,620.0,-0.020000000000000018,-0.006561966011329107,-0.08492568988846871,-1,0,0,-1
2025-07-08 09:24:25.034087,619.98,1.11,1.13,0.0832124877406293,0.0897745144145328,0.5104600577147083,-0.4901723807482877,620.0,620.0,-0.019999999999999796,-0.006562026673903501,-0.08492568988846849,-1,0,0,-1
2025-07-08 09:24:35.765744,619.85,1.09,1.16,0.0866985587675102,0.0870791956351474,0.4916770152970163,-0.5082786796479581,620.0,620.0,-0.06999999999999984,-0.00038063686763720184,-0.004925689888473084,-1,1,1,1
2025-07-08 09:24:47.303305,619.84,1.05,1.2,0.0839866284008557,0.0897771345466188,0.4898871074129654,-0.5093437678615225,620.0,620.0,-0.1499999999999999,-0.005790506145763097,-0.07492568988848225,-1,0,0,-1
2025-07-08 09:24:58.138822,619.73,1.02,1.26,0.0857678807046643,0.090020543268324,0.4743786425069398,-0.5243259847729622,620.0,620.0,-0.24,-0.004252662563659693,-0.05492568988846869,-1,0,0,-1
2025-07-08 09:25:08.360475,619.795,1.03,1.19,0.0841333108305919,0.0872207972569508,0.4833344260820857,-0.5160126833681663,620.0,620.0,-0.15999999999999992,-0.003087486426358893,-0.0399256898884095,0,0,0,0
2025-07-08 09:25:20.273145,619.805,1.02,1.22,0.0829858058810314,0.0899386500339879,0.4845606298649574,-0.514106848486301,620.0,620.0,-0.19999999999999996,-0.006952844152956508,-0.08992568988840044,0,0,0,0
2025-07-08 09:25:30.690601,619.71,1.01,1.27,0.0857259638648398,0.0899807478277216,0.4715025530232258,-0.5270655197007359,620.0,620.0,-0.26,-0.0042547839628818,-0.054925689888486895,0,0,0,0
2025-07-08 09:25:44.086906,619.77,1.01,1.22,0.0835172680760896,0.088540229185626,0.4795215732214843,-0.5192158108866808,620.0,620.0,-0.20999999999999996,-0.0050229611095364,-0.06492568988843228,0,0,0,0
2025-07-08 09:25:55.285603,619.76,1.03,1.22,0.0854354682591085,0.088137954147759,0.4785830269359231,-0.5207053963646071,620.0,620.0,-0.18999999999999995,-0.002702485888650505,-0.03492568988844136,0,0,0,0
2025-07-08 09:26:05.668693,619.7,1.0,1.26,0.0853158391869684,0.0887970886435931,0.4699195510841195,-0.528832183879589,620.0,620.0,-0.26,-0.003481249456624702,-0.04492568988849599,0,0,0,0
2025-07-08 09:26:17.498314,619.885,1.02,1.16,0.0799542917581902,0.0884469048562176,0.4962100885291913,-0.5032571967393792,620.0,620.0,-0.1399999999999999,-0.008492613098027402,-0.10992568988844131,0,0,0,0
2025-07-08 09:26:28.221958,619.79,1.02,1.18,0.0835466697191225,0.0862477773998986,0.4824699184188101,-0.5169259415192522,620.0,620.0,-0.15999999999999992,-0.0027011076807760964,-0.03492568988841405,0,0,0,0
2025-07-08 09:26:38.828474,619.8,1.02,1.21,0.0831730152164455,0.0889665749777815,0.4838605948514504,-0.5149719590487296,620.0,620.0,-0.18999999999999995,-0.005793559761335998,-0.07492568988840498,0,0,0,0
2025-07-08 09:26:49.311840,619.805,1.02,1.17,0.0829858058810314,0.0860728734580344,0.4845606298649574,-0.5148226244983496,620.0,620.0,-0.1499999999999999,-0.003087067577003,-0.039925689888400395,0,0,0,0
2025-07-08 09:26:59.562771,619.76,1.01,1.23,0.0838877861501314,0.0889116900131624,0.4781557189410133,-0.5205093063820886,620.0,620.0,-0.21999999999999997,-0.005023903863031004,-0.06492568988844138,0,0,0,0
2025-07-08 09:27:10.964104,619.84,1.03,1.13,0.0824409134789549,0.084367310679315,0.4896649701708347,-0.5100593420956998,620.0,620.0,-0.09999999999999987,-0.0019263972003600999,-0.024925689888482205,0,0,0,0
2025-07-08 09:27:21.486953,619.93,1.06,1.09,0.0813073402532248,0.0847779148797045,0.5031058413572657,-0.4969503151137457,620.0,620.0,-0.030000000000000027,-0.0034705746264797055,-0.04492568988840051,0,0,0,0
2025-07-08 09:27:32.310479,619.95,1.08,1.04,0.0820727623075385,0.0816807429941375,0.5060885514864593,-0.4938904340167295,620.0,620.0,0.040000000000000036,0.00039201931340100693,0.0050743101115040545,0,1,1,1
2025-07-08 09:27:43.185068,619.89,1.01,1.1,0.0789899023256152,0.0840058160314584,0.4969218204062309,-0.50279277679951,620.0,620.0,-0.09000000000000008,-0.0050159137058432,-0.06492568988843694,0,0,0,0
2025-07-08 09:27:53.223165,619.93,1.08,1.09,0.0828523696932232,0.0847779148797045,0.5030798857402727,-0.4969503151137457,620.0,620.0,-0.010000000000000009,-0.0019255451864813034,-0.024925689888400493,0,0,0,0
2025-07-08 09:28:04.020840,619.95,1.08,1.11,0.0820727623075385,0.0870886149439059,0.5060885514864593,-0.4941603805134065,620.0,620.0,-0.030000000000000027,-0.005015852636367404,-0.06492568988849601,0,0,0,0
2025-07-08 09:28:15.006843,619.92,1.06,1.07,0.0816954105624378,0.0828484352443022,0.5015942574819416,-0.4984040208655976,620.0,620.0,-0.010000000000000009,-0.0011530246818644008,-0.014925689888409588,0,0,0,0
2025-07-08 09:28:25.011024,619.96,1.09,1.1,0.082453776416707,0.0866972670193359,0.5075591652802786,-0.4927243570142617,620.0,620.0,-0.010000000000000009,-0.004243490602628908,-0.054925689888486895,0,0,0,0
2025-07-08 09:28:36.121554,620.05,1.08,1.03,0.0781004152564015,0.0846688918407782,0.522042434686452,-0.4795343705540923,620.0,620.0,0.050000000000000044,-0.00656847658437669,-0.08492568988840499,0,0,0,0
2025-07-08 09:28:49.214633,620.005,1.05,1.08,0.0775850728179413,0.0868540832626621,0.5150559343036182,-0.4863670615106674,620.0,620.0,-0.030000000000000027,-0.009269010444720796,-0.11992568988844599,0,-1,-1,-1
2025-07-08 09:28:58.622548,620.01,1.11,1.03,0.0820236908970191,0.0831773532139028,0.515080525804605,-0.4851046355303264,620.0,620.0,0.08000000000000007,-0.0011536623168836996,-0.01492568988844134,0,0,0,0
2025-07-08 09:29:09.764793,619.965,1.08,1.09,0.0814849411840125,0.0861148669150054,0.5083829003220107,-0.4919736789017154,620.0,620.0,-0.010000000000000009,-0.004629925730992898,-0.05992568988848235,0,0,0,0
2025-07-08 09:29:19.894680,619.93,1.05,1.11,0.0805348252341129,0.0863229426986583,0.5031194247253461,-0.4969729250283707,620.0,620.0,-0.06000000000000005,-0.0057881174645453976,-0.07492568988840054,0,0,0,0
2025-07-08 09:29:30.121580,619.98,1.04,1.05,0.0778035161119278,0.0835930927502399,0.5110702374644058,-0.4895796299526125,620.0,620.0,-0.010000000000000009,-0.005789576638312102,-0.0749256898884687,0,0,0,0
2025-07-08 09:29:41.327994,619.93,1.07,1.07,0.0820798550706316,0.0832328863701675,0.5030926654951912,-0.4969262669316223,620.0,620.0,0.0,-0.001153031299535895,-0.014925689888400484,0,0,0,0
2025-07-08 09:29:52.111810,619.99,1.08,1.09,0.0804991295616494,0.0870618399496519,0.512281474554719,-0.4885122203805114,620.0,620.0,-0.010000000000000009,-0.0065627103880025045,-0.08492568988845961,0,0,0,0
2025-07-08 09:30:02.291711,620.01,1.1,1.03,0.0812507420963246,0.0831773532139028,0.5152077140844422,-0.4851046355303264,620.0,620.0,0.07000000000000006,-0.001926611117578192,-0.02492568988844135,0,0,0,0
2025-07-08 09:30:23.789174,620.19,1.17,0.97,0.0792948712087216,0.085112532226475,0.5433606825345451,-0.4594758769109768,620.0,620.0,0.19999999999999996,-0.005817661017753398,-0.07492568988850512,1,0,0,1
2025-07-08 09:30:40.867733,620.21,1.15,0.99,0.0768923166162429,0.0873772413769141,0.5478342524067074,-0.457678186386232,620.0,620.0,0.15999999999999992,-0.0104849247606712,-0.13492568988848697,0,-1,-1,-1
2025-07-08 09:30:51.048868,620.27,1.23,0.94,0.0805451786782011,0.0856029997457073,0.5548295910828231,-0.4482896577117501,620.0,620.0,0.29000000000000004,-0.005057821067506199,-0.06492568988843228,1,0,0,1
2025-07-08 09:31:02.398788,620.34,1.26,0.88,0.0798245676548046,0.0833389187967875,0.5659562882094511,-0.4367302146225306,620.0,620.0,0.38,-0.0035143511419828966,-0.044925689888482334,1,0,0,1
2025-07-08 09:31:17.689456,620.41,1.27,0.87,0.0774649218017957,0.0849257757382611,0.5788100938400568,-0.4278877296174199,620.0,620.0,0.4,-0.007460853936465395,-0.09492568988841865,1,0,0,1
2025-07-08 09:31:28.282901,620.51,0.81,1.3,0.0771087027644319,0.0837508600703134,0.4365906720897838,-0.5582863124573406,621.0,621.0,-0.49,-0.00664215730588151,-0.08506266680762109,-1,0,0,-1
2025-07-08 09:31:41.524332,620.58,0.85,1.25,0.0778133151948513,0.0828742702081253,0.4481088728627094,-0.5486368842468269,621.0,621.0,-0.4,-0.005060955013273999,-0.06506266680767114,-1,0,0,-1
2025-07-08 09:32:04.168719,620.55,0.83,1.26,0.0772966460879314,0.0823661754482368,0.4430311949949208,-0.5533825451399088,621.0,621.0,-0.43000000000000005,-0.0050695293603054,-0.06506266680758477,0,0,0,0
2025-07-08 09:32:17.339390,620.71,0.87,1.21,0.0747497430489744,0.0852009963234643,0.4671581462908111,-0.5286164634133359,621.0,621.0,-0.33999999999999997,-0.010451253274489897,-0.13506266680766654,0,-1,0,-1
2025-07-08 09:32:27.383593,620.83,0.94,1.12,0.0757346192998244,0.0830709799144904,0.4870254168421577,-0.5116827265897793,621.0,621.0,-0.18000000000000016,-0.007336360614665999,-0.09506266680767128,0,0,0,0
2025-07-08 09:32:37.805954,620.83,0.9,1.12,0.0726474220529018,0.0830709799144904,0.4864084635636239,-0.5116827265897793,621.0,621.0,-0.22000000000000008,-0.010423557861588606,-0.1350626668076712,0,-1,0,-1
2025-07-08 09:32:48.793562,620.855,0.92,1.08,0.0732482293889627,0.0809683257084718,0.4907207062788078,-0.5082411881215952,621.0,621.0,-0.16000000000000003,-0.007720096319509109,-0.10006266680764841,0,0,0,0
2025-07-08 09:32:59.229209,620.82,0.94,1.13,0.0761099278902094,0.0834472940581313,0.4854850979184683,-0.5130927246766153,621.0,621.0,-0.18999999999999995,-0.0073373661679218966,-0.09506266680768016,0,0,0,0
2025-07-08 09:33:10.124297,620.79,0.93,1.1,0.0764568583574422,0.0799369518734667,0.480745154488178,-0.5183461733423277,621.0,621.0,-0.17000000000000004,-0.0034800935160244906,-0.045062666807593854,0,0,0,0
2025-07-08 09:33:20.926128,620.81,0.89,1.14,0.0726238263402872,0.0838225743187233,0.4830250763162905,-0.5144900899337863,621.0,621.0,-0.2499999999999999,-0.011198747978436091,-0.1450626668075755,0,-1,0,-1
2025-07-08 09:33:33.142517,620.81,0.86,1.16,0.0703074644246279,0.0853663651028424,0.4824170535393741,-0.5141962339372188,621.0,621.0,-0.29999999999999993,-0.015058900678214499,-0.19506266680757556,0,-1,-1,-1
2025-07-08 09:33:50.091797,620.83,0.94,1.11,0.0757346192998244,0.0822992737859782,0.4870254168421577,-0.5118084246666448,621.0,621.0,-0.17000000000000015,-0.006564654486153801,-0.08506266680767127,0,0,0,0
2025-07-08 09:34:02.812086,620.88,0.91,1.1,0.071526492602835,0.0834874693328761,0.494750975299227,-0.5042651897995796,621.0,621.0,-0.19000000000000006,-0.011960976730041095,-0.1550626668076257,0,0,0,0
2025-07-08 09:34:13.086155,620.955,0.99,1.06,0.0747978755066198,0.0832874157647575,0.5073550060988993,-0.4932264054494959,621.0,621.0,-0.07000000000000006,-0.008489540258137696,-0.11006266680767118,0,0,0,0
2025-07-08 09:34:25.331178,621.02,1.0,0.98,0.0729973560080703,0.0795633129054119,0.5184212218280356,-0.482966706073751,621.0,621.0,0.020000000000000018,-0.006565956897341602,-0.08506266680761199,0,0,0,0
2025-07-08 09:34:41.235293,621.1,1.06,1.0,0.0743887456608526,0.0840580184829087,0.5312776908752264,-0.4721242185298618,621.0,621.0,0.06000000000000005,-0.009669272822056096,-0.12506266680765288,0,0,0,0
2025-07-08 09:34:51.341390,621.06,1.06,0.98,0.076020303712523,0.081045908145225,0.5241995447108037,-0.4771978557278402,621.0,621.0,0.08000000000000007,-0.005025604432702002,-0.06506266680757555,0,0,0,0
2025-07-08 09:35:01.780438,621.17,1.04,0.95,0.0699214124783742,0.0827174713090685,0.5454000296314878,-0.4613540667467829,621.0,621.0,0.09000000000000008,-0.01279605883069429,-0.1650626668075892,0,-1,0,-1
2025-07-08 09:35:13.624698,621.16,1.09,0.94,0.0742203590113057,0.0815852713266591,0.5412234641443427,-0.4623401535001638,621.0,621.0,0.15000000000000013,-0.007364912315353397,-0.09506266680759823,0,0,0,0
2025-07-08 09:35:32.863729,621.2,1.05,0.94,0.0694208489631425,0.0830101313798628,0.5509788430680469,-0.457072657761652,621.0,621.0,0.1100000000000001,-0.013589282416720291,-0.17506266680767557,0,-1,0,-1
2025-07-08 09:35:43.359921,621.16,1.08,0.91,0.0734452132122437,0.0792617359968341,0.5416407800400601,-0.4612885945508012,621.0,621.0,0.17000000000000004,-0.005816522784590397,-0.07506266680759832,0,0,0,0
2025-07-08 09:35:54.257012,621.055,0.99,0.99,0.0708150412971872,0.0816337647239643,0.5249987125318207,-0.4781001626243834,621.0,621.0,0.0,-0.010818723426777102,-0.14006266680758017,0,0,0,0
2025-07-08 09:36:07.209177,621.035,0.96,1.0,0.0693064494377176,0.0816652593874133,0.5219751081418155,-0.4811095739637082,621.0,621.0,-0.040000000000000036,-0.012358809949695695,-0.1600626668075984,0,0,0,0
2025-07-08 09:36:21.065993,621.07,1.02,0.98,0.0725235399678225,0.081413960882417,0.5269786973721899,-0.4757884067725256,621.0,621.0,0.040000000000000036,-0.008890420914594493,-0.11506266680768018,0,0,0,0
2025-07-08 09:36:34.748971,621.125,1.0,0.96,0.068710592420401,0.0818735236792273,0.5381800712661022,-0.4676917563466475,621.0,621.0,0.040000000000000036,-0.013162931258826296,-0.17006266680763016,0,0,0,0
2025-07-08 09:36:47.362929,621.18,1.07,0.91,0.0718260554553568,0.0799744908777626,0.5459375083047913,-0.4585646677528298,621.0,621.0,0.16000000000000003,-0.0081484354224058,-0.10506266680758014,0,0,0,0
2025-07-08 09:36:59.974592,621.21,1.1,0.92,0.0728787835363464,0.08181259547131,0.5503128311398685,-0.4549813859916394,621.0,621.0,0.18000000000000005,-0.008933811934963606,-0.11506266680766652,0,0,0,0
2025-07-08 09:37:13.790479,621.29,1.14,0.88,0.0725228438744647,0.0814950341821537,0.5639441520130108,-0.4428695469430665,621.0,621.0,0.2599999999999999,-0.008972190307689004,-0.11506266680759392,0,0,0,0
2025-07-08 09:37:26.292888,621.36,1.19,0.87,0.0733166057909769,0.0831082431316445,0.5748097919784065,-0.4337278908222772,621.0,621.0,0.31999999999999995,-0.009791637340667597,-0.12506266680764389,0,0,0,0
2025-07-08 09:37:43.201796,621.31,1.16,0.88,0.0732020688481654,0.082183207284403,0.5666768502076804,-0.4403769058237123,621.0,621.0,0.2799999999999999,-0.008981138436237601,-0.11506266680757571,0,0,0,0
2025-07-08 09:37:58.848127,621.3,1.17,0.87,0.0744250290018609,0.0810603046378289,0.5639897111848811,-0.4410770132511913,621.0,621.0,0.29999999999999993,-0.0066352756359679965,-0.08506266680758479,0,0,0,0
2025-07-08 09:38:09.020428,621.45,1.19,0.83,0.0691678399025142,0.082986158229532,0.5947296020847435,-0.4205551541181123,621.0,621.0,0.36,-0.013818318327017798,-0.17506266680767568,0,-1,0,-1
2025-07-08 09:38:19.951924,621.45,1.22,0.79,0.0715448028520425,0.0798387449688735,0.5916867899540754,-0.4175330603116739,621.0,621.0,0.42999999999999994,-0.008293942116831002,-0.10506266680767573,1,0,0,1
2025-07-08 09:38:31.578319,621.39,1.22,0.84,0.0743136839004004,0.0817726394961474,0.5786989057433547,-0.4282519464005746,621.0,621.0,0.38,-0.007458955595746997,-0.09506266680761655,0,0,0,0
2025-07-08 09:38:42.924441,621.405,1.18,0.84,0.0704768735125466,0.0822750212909562,0.5853944752676474,-0.4264758037762214,621.0,621.0,0.33999999999999997,-0.011798147778409596,-0.15006266680760294,0,0,0,0
2025-07-08 09:38:52.948687,621.385,1.17,0.8,0.0706086632554449,0.0784701519713396,0.5818424452523306,-0.4261043583607712,621.0,621.0,0.3699999999999999,-0.00786148871589469,-0.10006266680762121,0,0,0,0
2025-07-08 09:39:07.282711,621.37,1.2,0.84,0.0736497770933191,0.0811001510904737,0.5761178794018376,-0.4306544724887369,621.0,621.0,0.36,-0.007450373997154591,-0.09506266680763475,0,0,0,0
2025-07-08 09:39:19.785276,621.34,1.18,0.85,0.073431232696474,0.0808668540063596,0.5714119767219088,-0.4349469174472838,621.0,621.0,0.32999999999999996,-0.007435621309885593,-0.09506266680766207,0,0,0,0
2025-07-08 09:39:32.863884,621.31,1.18,0.81,0.0747650575995065,0.0767224790282883,0.5653274588443433,-0.4362849915787007,621.0,621.0,0.3699999999999999,-0.0019574214287818026,-0.02506266680757574,0,1,1,1
2025-07-08 09:39:51.441534,621.32,1.16,0.86,0.072758091789847,0.08096602780522,0.5687322472306788,-0.4380155295106634,621.0,621.0,0.29999999999999993,-0.008207936015372994,-0.10506266680768028,0,0,0,0
2025-07-08 09:40:02.544104,621.34,1.13,0.85,0.0695111213388367,0.0808668540063596,0.5753096293659263,-0.4349469174472838,621.0,621.0,0.2799999999999999,-0.011355732667522891,-0.1450626668076621,0,0,0,0
2025-07-08 09:40:13.361469,621.4,1.2,0.79,0.0722833379891989,0.0781855049711316,0.5824984269305782,-0.4235331730325405,621.0,621.0,0.4099999999999999,-0.005902166981932688,-0.07506266680760754,0,0,0,0
2025-07-08 09:40:26.372627,621.37,1.18,0.83,0.072079090548718,0.0803174839963416,0.5777231128952067,-0.4300018400416441,621.0,621.0,0.35,-0.008238393447623601,-0.10506266680763476,0,0,0,0
2025-07-08 09:40:37.926024,621.46,1.21,0.78,0.0702822910244689,0.0793790447546047,0.5949740577032068,-0.4155608906265935,621.0,621.0,0.42999999999999994,-0.009096753730135798,-0.11506266680766664,0,0,0,0
2025-07-08 09:40:48.492266,621.46,1.22,0.81,0.071075213090464,0.081742462710999,0.5939504378637099,-0.4179194488012024,621.0,621.0,0.4099999999999999,-0.010667249620535002,-0.13506266680766665,0,0,0,0
2025-07-08 09:41:08.133076,621.36,1.2,0.81,0.0741010093800123,0.0784153039417886,0.5740430983222438,-0.4299010773607085,621.0,621.0,0.3899999999999999,-0.004314294561776302,-0.055062666807643934,0,1,0,1
2025-07-08 09:41:18.755619,621.31,1.16,0.88,0.0732020688481654,0.082183207284403,0.5666768502076804,-0.4403769058237123,621.0,621.0,0.2799999999999999,-0.008981138436237601,-0.11506266680757571,0,0,0,0
2025-07-08 09:41:30.526874,621.24,1.14,0.88,0.0747009286653413,0.0797599596280436,0.5540151348968236,-0.4492904211421112,621.0,621.0,0.2599999999999999,-0.005059030962702299,-0.06506266680763939,0,0,0,0
2025-07-08 09:41:41.152829,621.19,1.1,0.93,0.0737305517008894,0.0818800839004601,0.5464482233313736,-0.4579960302943369,621.0,621.0,0.17000000000000004,-0.008149532199570708,-0.10506266680768472,-1,0,0,-1
2025-07-08 09:41:53.620163,621.195,1.07,0.92,0.0711885198760203,0.0812821000579652,0.5489006585761315,-0.4569501992565234,621.0,621.0,0.15000000000000002,-0.010093580181944894,-0.1300626668076802,-1,0,0,-1
2025-07-08 09:42:04.161656,621.14,1.01,0.92,0.0688584169161217,0.0793192809921736,0.5407613995993076,-0.4643959025990812,621.0,621.0,0.08999999999999997,-0.010460864076051901,-0.13506266680761658,-1,0,0,-1
2025-07-08 09:42:14.901781,621.1,1.01,0.93,0.0705210520653267,0.0786466976811672,0.5329065923054669,-0.4703262267719689,621.0,621.0,0.07999999999999996,-0.00812564561584049,-0.10506266680765297,-1,0,0,-1
2025-07-08 09:42:27.182664,621.04,0.98,1.0,0.0706494163097034,0.0818508335797215,0.5224527697342254,-0.4803996787187479,621.0,621.0,-0.020000000000000018,-0.01120141727001811,-0.14506266680759383,-1,0,0,-1
2025-07-08 09:42:40.392687,621.01,0.99,1.02,0.0726250104138508,0.0822768580882248,0.5168195423388041,-0.4849629848045664,621.0,621.0,-0.030000000000000027,-0.009651847674373992,-0.12506266680762113,-1,0,0,-1
2025-07-08 09:42:55.273031,621.04,1.01,1.02,0.0729663103225905,0.0833948876394692,0.5217880877613139,-0.4807303874391494,621.0,621.0,-0.010000000000000009,-0.010428577316878698,-0.13506266680759382,0,0,0,0
2025-07-08 09:43:06.418438,620.99,0.99,1.02,0.0734199673509182,0.0815262327153502,0.5133130570695981,-0.4878494752188804,621.0,621.0,-0.030000000000000027,-0.008106265364432,-0.10506266680763932,0,0,0,0
2025-07-08 09:43:24.672770,620.86,0.9,1.09,0.0715157452549836,0.0819356936037181,0.4913174143392816,-0.5073748300796701,621.0,621.0,-0.19000000000000006,-0.010419948348734498,-0.1350626668076439,-1,0,0,-1
2025-07-08 09:43:37.824897,620.98,0.94,1.03,0.0699577182458402,0.0819207553289128,0.5121441150045812,-0.4893973911430221,621.0,621.0,-0.09000000000000008,-0.0119630370830726,-0.15506266680764846,0,0,0,0
2025-07-08 09:43:48.530819,621.035,0.98,0.94,0.0708509795741931,0.0770330792635486,0.5215283807549188,-0.4800740862952699,621.0,621.0,0.040000000000000036,-0.0061820996893555,-0.08006266680759833,0,0,0,0
2025-07-08 09:44:00.581589,621.04,0.98,0.94,0.0706494163097034,0.077218270370464,0.5224527697342254,-0.4793243307012742,621.0,621.0,0.040000000000000036,-0.006568854060760604,-0.08506266680759378,0,0,0,0
2025-07-08 09:44:11.036420,621.04,1.02,0.97,0.0737385619293299,0.0795346308330555,0.5215761461769334,-0.4798783667658487,621.0,621.0,0.050000000000000044,-0.005796068903725596,-0.07506266680759377,0,0,0,0
2025-07-08 09:44:26.319571,621.05,1.02,0.95,0.0733350464515013,0.0783601174576944,0.5233571287662732,-0.4780377499786917,621.0,621.0,0.07000000000000006,-0.0050250710061931075,-0.06506266680758466,0,1,0,1
2025-07-08 09:44:38.659229,620.99,0.95,1.01,0.0703334902803273,0.0807546990026401,0.5138312237702221,-0.487749605195692,621.0,621.0,-0.06000000000000005,-0.010421208722312794,-0.13506266680763934,0,0,0,0
2025-07-08 09:44:50.055624,621.005,1.0,0.96,0.0735960450762086,0.077459537476764,0.5157847401521737,-0.4849235753279182,621.0,621.0,0.040000000000000036,-0.0038634924005554044,-0.05006266680762561,0,1,0,1
2025-07-08 09:45:00.396843,621.06,1.03,0.98,0.0737026552953496,0.081045908145225,0.5249104822637329,-0.4771978557278402,621.0,621.0,0.050000000000000044,-0.007343252849875401,-0.09506266680757558,0,0,0,0
2025-07-08 09:45:13.840462,621.065,0.98,0.96,0.0696357889478646,0.0796851709610088,0.5271552211694007,-0.4760688217275725,621.0,621.0,0.020000000000000018,-0.010049382013144204,-0.13006266680768475,0,0,0,0
2025-07-08 09:45:24.732028,620.9,0.93,1.05,0.0723032348976702,0.0804066234036782,0.4982189343695138,-0.5014408867463214,621.0,621.0,-0.12,-0.008103388506008002,-0.10506266680760745,0,0,0,0
2025-07-08 09:45:34.738875,620.57,0.74,1.48,0.0695869502023983,0.1003123433221189,0.4400899433919731,-0.5411009092321968,621.0,621.0,-0.74,-0.030725393119720598,-0.3950626668076802,-1,-1,-1,-1
2025-07-08 09:45:45.362148,620.61,0.8,1.19,0.0728753038893623,0.0794876024550681,0.4495202238132326,-0.5461688588606224,621.0,621.0,-0.3899999999999999,-0.006612298565705804,-0.08506266680764374,0,0,0,0
2025-07-08 09:45:55.946953,620.66,0.88,1.21,0.077320937132973,0.0831392585653652,0.460391713464858,-0.5367278321635608,621.0,621.0,-0.32999999999999996,-0.005818321432392207,-0.07506266680759832,0,0,0,0
2025-07-08 09:46:06.219943,620.48,1.3,0.88,0.0766017593987959,0.0880464059463001,0.5906371196781552,-0.4207582941133743,620.0,620.0,0.42000000000000004,-0.011444646547504198,-0.14492568988846866,1,0,0,1
2025-07-08 09:46:17.685420,620.54,0.8,1.31,0.0753006325671962,0.0858286342755338,0.4398769976445184,-0.5525898033662933,621.0,621.0,-0.51,-0.010528001708337606,-0.13506266680759382,0,0,0,0
2025-07-08 09:46:27.708617,620.465,1.34,0.83,0.0804620166816624,0.083611417619848,0.5841984011307871,-0.4188650346043452,620.0,620.0,0.5100000000000001,-0.0031494009381855953,-0.03992568988848222,1,0,0,1
2025-07-08 09:46:37.749320,620.63,0.85,1.22,0.07605839142153,0.0826607617750656,0.4548939865651814,-0.5413852102975232,621.0,621.0,-0.37,-0.0066023703535356,-0.08506266680762564,0,0,0,0
2025-07-08 09:46:48.334187,620.78,0.92,1.11,0.0760551166324106,0.0803083831079853,0.4790228793877165,-0.519780725413406,621.0,621.0,-0.19000000000000006,-0.004253266475574696,-0.05506266680760297,0,0,0,0
2025-07-08 09:47:00.105233,620.83,0.94,1.08,0.0757346192998244,0.0799841109630041,0.4870254168421577,-0.5121991397814643,621.0,621.0,-0.14000000000000012,-0.0042494916631797,-0.055062666807671246,0,0,0,0
2025-07-08 09:47:10.305063,620.76,0.89,1.16,0.0744743713191344,0.0833661548795985,0.4752530569002522,-0.5219348100448075,621.0,621.0,-0.2699999999999999,-0.008891783560464106,-0.115062666807621,0,0,0,0
2025-07-08 09:47:22.731193,620.82,0.92,1.12,0.0745661143494537,0.0826754899134348,0.4851521703165444,-0.5132310880911102,621.0,621.0,-0.20000000000000007,-0.0081093755639811,-0.10506266680768028,0,0,0,0
2025-07-08 09:47:45.722939,620.86,0.91,1.08,0.0722872600736404,0.0811642258651576,0.491426089100995,-0.507461103112319,621.0,621.0,-0.17000000000000004,-0.0088769657915172,-0.11506266680764388,0,0,0,0
2025-07-08 09:47:59.083470,620.83,0.92,1.06,0.0741910405527356,0.0784406298493,0.4867230231569153,-0.5124716375329181,621.0,621.0,-0.14,-0.00424958929656441,-0.055062666807671135,0,0,0,0
2025-07-08 09:48:09.420524,620.85,0.95,1.06,0.0757521407206674,0.0792290167795217,0.4902687066239177,-0.5092333352528937,621.0,621.0,-0.1100000000000001,-0.0034768760588543,-0.04506266680765303,0,0,0,0
2025-07-08 09:48:29.564012,620.855,0.93,1.1,0.0740197761600332,0.0825113287020338,0.4908334349490197,-0.508055182546808,621.0,621.0,-0.17000000000000004,-0.008491552542000597,-0.11006266680764842,0,0,0,0
2025-07-08 09:48:40.057337,620.74,0.88,1.1,0.07443354820884,0.0779182713539021,0.4719467483429549,-0.5267295858077069,621.0,621.0,-0.22000000000000008,-0.0034847231450620963,-0.04506266680763937,0,0,0,0
2025-07-08 09:48:50.356933,620.67,0.82,1.16,0.0723112624440682,0.0796808334015945,0.459239021557549,-0.536856290323339,621.0,621.0,-0.33999999999999997,-0.0073695709575263,-0.09506266680758924,0,0,0,0
2025-07-08 09:49:01.055607,620.655,0.86,1.19,0.0759480458887768,0.0813809382796199,0.4588451309652633,-0.5383070792550935,621.0,621.0,-0.32999999999999996,-0.005432892390843103,-0.07006266680760287,0,0,0,0
2025-07-08 09:49:11.233663,620.615,0.85,1.16,0.076587248107876,0.0773691384476897,0.4528258021536877,-0.5466835182006169,621.0,621.0,-0.30999999999999994,-0.0007818903398136984,-0.010062666807639231,0,0,0,0
2025-07-08 09:49:21.897585,620.62,0.84,1.22,0.0756342233769273,0.0822399974408003,0.453020467358702,-0.543089811343072,621.0,621.0,-0.38,-0.006605774063872999,-0.08506266680763475,0,0,0,0
2025-07-08 09:49:32.298221,620.56,0.81,1.28,0.0753918656866182,0.0843524964865094,0.4431743121070717,-0.5506481599602193,621.0,621.0,-0.47,-0.008960630799891206,-0.1150626668075756,0,0,0,0
2025-07-08 09:49:43.881605,620.57,0.84,1.2,0.0773829284007067,0.078555808899385,0.4462398448981028,-0.5529381608268082,621.0,621.0,-0.36,-0.0011728804986783081,-0.015062666807680203,0,1,0,1
2025-07-08 09:49:55.981024,620.59,0.8,1.2,0.0735727825971447,0.079413414092255,0.4467001095492558,-0.5492841542418183,621.0,621.0,-0.3999999999999999,-0.005840631495110299,-0.07506266680766194,0,0,0,0
2025-07-08 09:50:07.368122,620.67,0.87,1.15,0.0761883030752536,0.0789059197169333,0.461385087343441,-0.5372333892807539,621.0,621.0,-0.2799999999999999,-0.0027176166416797015,-0.03506266680758918,0,0,0,0
2025-07-08 09:50:19.076953,620.66,0.88,1.17,0.077320937132973,0.0800392483027737,0.460391713464858,-0.5382117646496578,621.0,621.0,-0.2899999999999999,-0.0027183111698007023,-0.035062666807598286,0,0,0,0
2025-07-08 09:50:34.203734,620.705,0.84,1.12,0.0726073512811898,0.0780319167993741,0.4653036881207925,-0.532180810958994,621.0,621.0,-0.28000000000000014,-0.005424565518184307,-0.07006266680767126,0,0,0,0
2025-07-08 09:50:47.993407,620.575,0.78,1.23,0.072534727383352,0.0811051927030535,0.4434050105118189,-0.5504805376381898,621.0,621.0,-0.44999999999999996,-0.0085704653197015,-0.11006266680767562,0,0,0,0
2025-07-08 09:51:03.646307,620.73,0.84,1.15,0.0717031628710959,0.0813770911982167,0.4691148564545862,-0.5270301130011428,621.0,621.0,-0.30999999999999994,-0.009673928327120801,-0.12506266680764833,0,0,0,0
2025-07-08 09:51:19.797451,620.74,0.89,1.08,0.0752069238332773,0.0763717573008207,0.4722507871706389,-0.5273025638841622,621.0,621.0,-0.19000000000000006,-0.001164833467543397,-0.015062666807639347,0,1,0,1
2025-07-08 09:51:29.907936,620.74,0.84,1.16,0.0713396118903689,0.0825569679272281,0.4706664139478159,-0.5251358175271434,621.0,621.0,-0.31999999999999995,-0.011217356036859194,-0.14506266680763924,0,-1,0,-1
2025-07-08 09:51:41.284970,620.61,0.85,1.18,0.0767630745674388,0.0787106959102804,0.4521427279253733,-0.5466386857559039,621.0,621.0,-0.32999999999999996,-0.001947621342841599,-0.025062666807643796,0,0,0,0
2025-07-08 09:51:52.300587,620.57,0.82,1.23,0.0758250740475696,0.0808908718460008,0.4451096869008311,-0.55137096375165,621.0,621.0,-0.41000000000000003,-0.005065797798431207,-0.06506266680768025,0,0,0,0
2025-07-08 09:52:03.790741,620.385,1.28,0.88,0.0793832194225605,0.0848676627558469,0.573168282888828,-0.4314025763716338,620.0,620.0,0.4,-0.00548444333328639,-0.06992568988844139,1,0,0,1
2025-07-08 09:52:13.969346,620.22,1.2,0.96,0.0803548533014172,0.0854015594996405,0.5473714839270173,-0.455314199729386,620.0,620.0,0.24,-0.005046706198223297,-0.0649256898884778,1,0,0,1
2025-07-08 09:52:26.904286,620.21,1.19,0.94,0.0800024329281603,0.0834936834485268,0.5460463647899904,-0.455800058143831,620.0,620.0,0.25,-0.003491250520366501,-0.044925689888486886,1,0,0,1
2025-07-08 09:52:40.845860,620.08,1.15,1.02,0.0823005569328619,0.0850032338254894,0.5254769136817901,-0.4752766418365728,620.0,620.0,0.1299999999999999,-0.0027026768926275008,-0.03492568988849154,0,0,0,0
2025-07-08 09:52:51.568145,619.81,1.03,1.14,0.0835715027022889,0.0839523349319864,0.485416160343586,-0.5145097832964436,620.0,620.0,-0.10999999999999988,-0.00038083222969749475,-0.004925689888395812,0,0,0,0
2025-07-08 09:53:02.142843,619.84,0.97,1.14,0.0778036270383957,0.0851401574302497,0.4889494457197726,-0.5099519890306334,620.0,620.0,-0.16999999999999993,-0.0073365303918540015,-0.09492568988848227,0,0,0,0
2025-07-08 09:53:14.897416,620.03,1.12,1.01,0.0819980559709431,0.0823788895056934,0.5180804204007804,-0.4819951816833188,620.0,620.0,0.1100000000000001,-0.0003808335347502967,-0.004925689888423124,0,0,0,0
2025-07-08 09:53:24.925736,620.03,1.1,1.02,0.0804517061503172,0.0831520373267595,0.5183951305863513,-0.4821464249724192,620.0,620.0,0.08000000000000007,-0.0027003311764423055,-0.03492568988842315,0,0,0,0
2025-07-08 09:53:35.543282,619.83,1.03,1.12,0.0828188257386362,0.0831995571666477,0.488235814865652,-0.5117024376002831,620.0,620.0,-0.09000000000000008,-0.0003807314280114965,-0.0049256898884915135,0,0,0,0
2025-07-08 09:53:45.701135,619.87,1.05,1.15,0.0828460095282573,0.0870898068483997,0.4941756247886603,-0.5054541281459295,620.0,620.0,-0.09999999999999987,-0.004243797320142406,-0.05492568988845492,0,0,0,0
2025-07-08 09:54:00.340203,619.805,0.99,1.17,0.0806660710219581,0.0860728734580344,0.4840677701390943,-0.5148226244983496,620.0,620.0,-0.17999999999999994,-0.005406802436076302,-0.06992568988840042,0,0,0,0
2025-07-08 09:54:13.898456,619.88,1.08,1.08,0.0847814313559255,0.0820715948149321,0.4957986938753656,-0.5043975357201844,620.0,620.0,0.0,0.002709836540993396,0.03507431011155404,0,1,1,1
2025-07-08 09:54:24.288990,620.06,1.09,1.07,0.0784695932756209,0.0881330481861276,0.5235104513192135,-0.4788744066232695,620.0,620.0,0.020000000000000018,-0.0096634549105067,-0.12492568988839592,0,0,0,0
2025-07-08 09:54:34.358961,619.91,1.03,1.15,0.0797647697481939,0.0886429686982395,0.5000506542874213,-0.4997783122415045,620.0,620.0,-0.11999999999999988,-0.008878198950045602,-0.11492568988841856,0,0,0,0
2025-07-08 09:55:01.878332,619.905,1.07,1.08,0.0830478664345696,0.0830421258030365,0.4993756156492159,-0.5006245473914376,620.0,620.0,-0.010000000000000009,5.740631533093787e-06,7.43101115767697e-05,0,0,0,0
2025-07-08 09:55:14.105367,619.85,1.04,1.11,0.0828347140589798,0.083215360499005,0.4912063029445587,-0.5087455506900117,620.0,620.0,-0.07000000000000006,-0.0003806464400252091,-0.004925689888473306,0,0,0,0
2025-07-08 09:55:26.442160,619.8,1.02,1.13,0.0831730152164455,0.0827806240211145,0.4838605948514504,-0.5162240724177833,620.0,620.0,-0.10999999999999988,0.0003923911953310072,0.005074310111595093,0,0,0,0
2025-07-08 09:55:40.074256,619.93,1.05,1.08,0.0805348252341129,0.0840054007142746,0.5031194247253461,-0.4969384757660309,620.0,620.0,-0.030000000000000027,-0.0034705754801617056,-0.04492568988840051,0,0,0,0
2025-07-08 09:55:54.568677,619.76,0.99,1.17,0.082340011440657,0.0842689646529719,0.4777129534924469,-0.5217376399286616,620.0,620.0,-0.17999999999999994,-0.001928953212314899,-0.02492568988844135,0,0,0,0
2025-07-08 09:56:10.040323,619.64,0.89,1.25,0.0789409977833625,0.0855380930892252,0.4580501111212431,-0.5385933018736473,620.0,620.0,-0.36,-0.006597095305862707,-0.08492568988843685,0,0,0,0
2025-07-08 09:56:21.460411,619.67,0.94,1.23,0.081749564375504,0.0852350579892564,0.4640366769409491,-0.5344254056024179,620.0,620.0,-0.29000000000000004,-0.0034854936137524023,-0.044925689888409615,0,0,0,0
2025-07-08 09:56:37.322657,619.82,0.99,1.18,0.0801034081838396,0.0874415902129095,0.4862452224879419,-0.5124541341186828,620.0,620.0,-0.18999999999999995,-0.007338182029069898,-0.09492568988850048,0,0,0,0
2025-07-08 09:56:47.342895,619.905,0.96,1.07,0.0745501019829369,0.082269602162745,0.4991168839980939,-0.5006466192206844,620.0,620.0,-0.1100000000000001,-0.007719500179808089,-0.09992568988842332,0,0,0,0
2025-07-08 09:57:02.088310,619.86,0.98,1.11,0.077818263521436,0.0836079005980307,0.4921111582627245,-0.5072259317598102,620.0,620.0,-0.13000000000000012,-0.005789637076594689,-0.07492568988846426,0,0,0,0
2025-07-08 09:57:12.823774,619.88,1.01,1.15,0.0793732256249687,0.0874797719347828,0.4953956719371715,-0.5040162463104711,620.0,620.0,-0.1399999999999999,-0.008106546309814111,-0.10492568988844586,0,0,0,0
2025-07-08 09:57:25.611898,619.88,1.02,1.09,0.0801458302235854,0.0828441949611578,0.4954561100560159,-0.5043404692557749,620.0,620.0,-0.07000000000000006,-0.0026983647375724007,-0.03492568988844602,0,0,0,0
2025-07-08 09:57:38.749223,620.0,1.06,1.01,0.078556854370894,0.0812561681341377,0.51410800628923,-0.4863050758798344,620.0,620.0,0.050000000000000044,-0.002699313763243699,-0.03492568988845046,0,0,0,0
2025-07-08 09:57:50.814928,620.1,1.12,0.96,0.0791614990306233,0.0810916262583732,0.5295167722588643,-0.4711448218914827,620.0,620.0,0.16000000000000014,-0.001930127227749892,-0.0249256898884731,1,0,0,1
2025-07-08 09:58:04.044281,620.13,1.08,0.99,0.0748236162811688,0.0845061224761044,0.5360421246115634,-0.4678881094295861,620.0,620.0,0.09000000000000008,-0.009682506194935589,-0.12492568988844588,0,-1,0,-1
2025-07-08 09:58:18.160774,620.08,1.09,1.01,0.0776567288128135,0.084229430128246,0.5268985143850993,-0.4750660076423587,620.0,620.0,0.08000000000000007,-0.0065727013154325,-0.08492568988849136,0,0,0,0
2025-07-08 09:58:32.229733,620.12,1.14,1.0,0.079888182365954,0.0849176993066549,0.532331702028418,-0.4694777948254602,620.0,620.0,0.1399999999999999,-0.00502951694070089,-0.06492568988845515,0,0,0,0
2025-07-08 09:58:42.973635,620.19,1.15,0.93,0.0777411736087569,0.0820072481850887,0.544191178245212,-0.4580126879614645,620.0,620.0,0.21999999999999986,-0.004266074576331796,-0.054925689888505214,0,0,0,0
